{
  "collision_mean": [
    1.0,
    0.9070631970260223,
    0.8836363636363637,
    0.8587786259541985,
    0.6739130434782609,
    0.5066666666666667,
    0.35714285714285715,
    0.3669064748201439,
    0.2903225806451613,
    0.3382352941176471
  ],
  "collision_mean_T": [
    4,
    10058,
    20059,
    30072,
    40146,
    50219,
    60310,
    70371,
    80374,
    90404
  ],
  "distance_from_start_mean": [
    0.0,
    0.0,
    0.0,
    0.0,
    0.0,
    0.0,
    0.0,
    0.0,
    0.0,
    0.0
  ],
  "distance_from_start_mean_T": [
    4,
    10058,
    20059,
    30072,
    40146,
    50219,
    60310,
    70371,
    80374,
    90404
  ],
  "ep_length_mean": [
    4.0,
    37.37546468401487,
    36.36727272727273,
    38.217557251908396,
    54.75,
    67.15333333333334,
    72.07857142857142,
    72.38129496402878,
    80.66935483870968,
    73.75
  ],
  "ep_length_mean_T": [
    4,
    10058,
    20059,
    30072,
    40146,
    50219,
    60310,
    70371,
    80374,
    90404
  ],
  "episode": [
    1139
  ],
  "episode_T": [
    50019
  ],
  "epsilon": [
    1.0,
    0.810133,
    0.6195820000000001,
    0.42899300000000007,
    0.23912600000000006,
    0.05,
    0.05,
    0.05,
    0.05,
    0.05
  ],
  "epsilon_T": [
    4,
    10058,
    20059,
    30072,
    40146,
    50219,
    60310,
    70371,
    80374,
    90404
  ],
  "goal_mean": [
    0.0,
    0.0,
    0.0,
    0.0,
    0.005434782608695652,
    0.0,
    0.0,
    0.0,
    0.008064516129032258,
    0.0
  ],
  "goal_mean_T": [
    4,
    10058,
    20059,
    30072,
    40146,
    50219,
    60310,
    70371,
    80374,
    90404
  ],
  "grad_norm": [
    1.444569706916809,
    0.6453583240509033,
    0.9631691575050354,
    4.729145526885986,
    1.8633586168289185,
    1.577012538909912,
    1.5114072561264038,
    3.039215087890625,
    3.72184681892395
  ],
  "grad_norm_T": [
    1390,
    11428,
    21453,
    31476,
    41515,
    51610,
    61653,
    71722,
    81743
  ],
  "loss": [
    2.044588088989258,
    0.7185347676277161,
    0.6848964095115662,
    0.6779158115386963,
    0.5460335612297058,
    0.6105058193206787,
    0.5207781195640564,
    0.5411062836647034,
    0.535506546497345
  ],
  "loss_T": [
    1390,
    11428,
    21453,
    31476,
    41515,
    51610,
    61653,
    71722,
    81743
  ],
  "q_taken_mean": [
    0.03547686295543643,
    -0.2914695006672598,
    -0.35786184293897,
    -0.5537557765951321,
    -0.5292536739079926,
    -0.512965668079465,
    -0.6194938791601446,
    -0.7912333434794372,
    -0.6712040409550175
  ],
  "q_taken_mean_T": [
    1390,
    11428,
    21453,
    31476,
    41515,
    51610,
    61653,
    71722,
    81743
  ],
  "return_mean": [
    {
      "dtype": "float64",
      "py/object": "numpy.float64",
      "value": -260.0
    },
    {
      "dtype": "float64",
      "py/object": "numpy.float64",
      "value": -1141.282527881041
    },
    {
      "dtype": "float64",
      "py/object": "numpy.float64",
      "value": -989.8727272727273
    },
    {
      "dtype": "float64",
      "py/object": "numpy.float64",
      "value": -947.4045801526718
    },
    {
      "dtype": "float64",
      "py/object": "numpy.float64",
      "value": -1195.625
    },
    {
      "dtype": "float64",
      "py/object": "numpy.float64",
      "value": -1277.0
    },
    {
      "dtype": "float64",
      "py/object": "numpy.float64",
      "value": -1336.857142857143
    },
    {
      "dtype": "float64",
      "py/object": "numpy.float64",
      "value": -1512.1942446043165
    },
    {
      "dtype": "float64",
      "py/object": "numpy.float64",
      "value": -1517.1774193548388
    },
    {
      "dtype": "float64",
      "py/object": "numpy.float64",
      "value": -1352.3161764705883
    }
  ],
  "return_mean_T": [
    4,
    10058,
    20059,
    30072,
    40146,
    50219,
    60310,
    70371,
    80374,
    90404
  ],
  "return_std": [
    {
      "dtype": "float64",
      "py/object": "numpy.float64",
      "value": 0.0
    },
    {
      "dtype": "float64",
      "py/object": "numpy.float64",
      "value": 786.5934801901327
    },
    {
      "dtype": "float64",
      "py/object": "numpy.float64",
      "value": 686.8376029983813
    },
    {
      "dtype": "float64",
      "py/object": "numpy.float64",
      "value": 650.980866249767
    },
    {
      "dtype": "float64",
      "py/object": "numpy.float64",
      "value": 733.2234264333432
    },
    {
      "dtype": "float64",
      "py/object": "numpy.float64",
      "value": 684.9819948971895
    },
    {
      "dtype": "float64",
      "py/object": "numpy.float64",
      "value": 838.5078888071577
    },
    {
      "dtype": "float64",
      "py/object": "numpy.float64",
      "value": 1034.6679714719583
    },
    {
      "dtype": "float64",
      "py/object": "numpy.float64",
      "value": 944.3640636171014
    },
    {
      "dtype": "float64",
      "py/object": "numpy.float64",
      "value": 900.045118985104
    }
  ],
  "return_std_T": [
    4,
    10058,
    20059,
    30072,
    40146,
    50219,
    60310,
    70371,
    80374,
    90404
  ],
  "step_mean": [
    4.0,
    37.37546468401487,
    36.36727272727273,
    38.217557251908396,
    54.75,
    67.15333333333334,
    72.07857142857142,
    72.38129496402878,
    80.66935483870968,
    73.75
  ],
  "step_mean_T": [
    4,
    10058,
    20059,
    30072,
    40146,
    50219,
    60310,
    70371,
    80374,
    90404
  ],
  "target_mean": [
    -0.11408808865993143,
    -0.29017787946925044,
    -0.3513634798493892,
    -0.48654387253020065,
    -0.5269708229263476,
    -0.5014015907465026,
    -0.6150252467902132,
    -0.7513269201501623,
    -0.6367968921069507
  ],
  "target_mean_T": [
    1390,
    11428,
    21453,
    31476,
    41515,
    51610,
    61653,
    71722,
    81743
  ],
  "td_error_abs": [
    0.7412266573459982,
    0.5371649799822064,
    0.5139480924954379,
    0.5768322144054566,
    0.4809598901457946,
    0.4882567649663881,
    0.48306833084097345,
    0.49560802289073774,
    0.4984383492379098
  ],
  "td_error_abs_T": [
    1390,
    11428,
    21453,
    31476,
    41515,
    51610,
    61653,
    71722,
    81743
  ],
  "test_collision_mean": [
    0.44,
    0.32
  ],
  "test_collision_mean_T": [
    4,
    50019
  ],
  "test_distance_from_start_mean": [
    0.0,
    0.0
  ],
  "test_distance_from_start_mean_T": [
    4,
    50019
  ],
  "test_ep_length_mean": [
    58.64,
    75.59
  ],
  "test_ep_length_mean_T": [
    4,
    50019
  ],
  "test_goal_mean": [
    0.0,
    0.0
  ],
  "test_goal_mean_T": [
    4,
    50019
  ],
  "test_return_mean": [
    {
      "dtype": "float64",
      "py/object": "numpy.float64",
      "value": -10092.2
    },
    {
      "dtype": "float64",
      "py/object": "numpy.float64",
      "value": -1384.85
    }
  ],
  "test_return_mean_T": [
    4,
    50019
  ],
  "test_return_std": [
    {
      "dtype": "float64",
      "py/object": "numpy.float64",
      "value": 8624.271804622116
    },
    {
      "dtype": "float64",
      "py/object": "numpy.float64",
      "value": 857.444008376057
    }
  ],
  "test_return_std_T": [
    4,
    50019
  ],
  "test_step_mean": [
    58.64,
    75.59
  ],
  "test_step_mean_T": [
    4,
    50019
  ],
  "test_timeup_mean": [
    0.56,
    0.68
  ],
  "test_timeup_mean_T": [
    4,
    50019
  ],
  "test_wait_mean": [
    0.0,
    0.0
  ],
  "test_wait_mean_T": [
    4,
    50019
  ],
  "timeup_mean": [
    0.0,
    0.09293680297397769,
    0.11636363636363636,
    0.14122137404580154,
    0.32065217391304346,
    0.49333333333333335,
    0.6428571428571429,
    0.6330935251798561,
    0.7096774193548387,
    0.6617647058823529
  ],
  "timeup_mean_T": [
    4,
    10058,
    20059,
    30072,
    40146,
    50219,
    60310,
    70371,
    80374,
    90404
  ],
  "wait_mean": [
    0.0,
    0.0,
    0.0,
    0.0,
    0.0,
    0.0,
    0.0,
    0.0,
    0.0,
    0.0
  ],