{
  "collision_mean": [
    1.0,
    0.9321428571428572,
    0.8844621513944223,
    0.7537688442211056,
    0.5974025974025974,
    0.45,
    0.3282442748091603
  ],
  "collision_mean_T": [
    14,
    10041,
    20058,
    30126,
    40203,
    50222,
    60228
  ],
  "distance_from_start_mean": [
    0.0,
    0.0,
    0.0,
    0.0,
    0.0,
    0.0,
    0.0
  ],
  "distance_from_start_mean_T": [
    14,
    10041,
    20058,
    30126,
    40203,
    50222,
    60228
  ],
  "ep_length_mean": [
    14.0,
    35.81071428571428,
    39.908366533864545,
    50.5929648241206,
    65.43506493506493,
    71.56428571428572,
    76.38167938931298
  ],
  "ep_length_mean_T": [
    14,
    10041,
    20058,
    30126,
    40203,
    50222,
    60228
  ],
  "episode": [
    1023
  ],
  "episode_T": [
    50022
  ],
  "epsilon": [
    1.0,
    0.809867,
    0.61924,
    0.42950600000000005,
    0.23804300000000012,
    0.05,
    0.05
  ],
  "epsilon_T": [
    14,
    10041,
    20058,
    30126,
    40203,
    50222,
    60228
  ],
  "goal_mean": [
    0.0,
    0.0,
    0.00398406374501992,
    0.0,
    0.0,
    0.0,
    0.0
  ],
  "goal_mean_T": [
    14,
    10041,
    20058,
    30126,
    40203,
    50222,
    60228
  ],
  "grad_norm": [
    1.7683496475219727,
    0.7179949283599854,
    1.0037697553634644,
    1.823002815246582,
    1.7845327854156494,
    2.7848703861236572,
    2.1862282752990723
  ],
  "grad_norm_T": [
    1197,
    11233,
    21261,
    31263,
    41274,
    51359,
    61401
  ],
  "loss": [
    2.3013060092926025,
    0.755324125289917,
    0.6114479303359985,
    0.6536610126495361,
    0.6258726119995117,
    0.6719008088111877,
    0.5639021396636963
  ],
  "loss_T": [
    1197,
    11233,
    21261,
    31263,
    41274,
    51359,
    61401
  ],
  "q_taken_mean": [
    -0.012469279736205749,
    -0.32687142234796107,
    -0.4444586191830134,
    -0.45876768686885916,
    -0.5392354977358679,
    -0.6233177564900427,
    -0.592361071760207
  ],
  "q_taken_mean_T": [
    1197,
    11233,
    21261,
    31263,
    41274,
    51359,
    61401
  ],
  "return_mean": [
    {
      "dtype": "float64",
      "py/object": "numpy.float64",
      "value": -775.0
    },
    {
      "dtype": "float64",
      "py/object": "numpy.float64",
      "value": -1114.0
    },
    {
      "dtype": "float64",
      "py/object": "numpy.float64",
      "value": -1076.7928286852589
    },
    {
      "dtype": "float64",
      "py/object": "numpy.float64",
      "value": -1160.251256281407
    },
    {
      "dtype": "float64",
      "py/object": "numpy.float64",
      "value": -1409.8051948051948
    },
    {
      "dtype": "float64",
      "py/object": "numpy.float64",
      "value": -1434.3214285714287
    },
    {
      "dtype": "float64",
      "py/object": "numpy.float64",
      "value": -1394.351145038168
    }
  ],
  "return_mean_T": [
    14,
    10041,
    20058,
    30126,
    40203,
    50222,
    60228
  ],
  "return_std": [
    {
      "dtype": "float64",
      "py/object": "numpy.float64",
      "value": 0.0
    },
    {
      "dtype": "float64",
      "py/object": "numpy.float64",
      "value": 753.8251739343433
    },
    {
      "dtype": "float64",
      "py/object": "numpy.float64",
      "value": 730.2456695910907
    },
    {
      "dtype": "float64",
      "py/object": "numpy.float64",
      "value": 735.0993418565407
    },
    {
      "dtype": "float64",
      "py/object": "numpy.float64",
      "value": 750.3492440357104
    },
    {
      "dtype": "float64",
      "py/object": "numpy.float64",
      "value": 816.413588007741
    },
    {
      "dtype": "float64",
      "py/object": "numpy.float64",
      "value": 847.3774983965324
    }
  ],
  "return_std_T": [
    14,
    10041,
    20058,
    30126,
    40203,
    50222,
    60228
  ],
  "step_mean": [
    14.0,
    35.81071428571428,
    39.908366533864545,
    50.5929648241206,
    65.43506493506493,
    71.56428571428572,
    76.38167938931298
  ],
  "step_mean_T": [
    14,
    10041,
    20058,
    30126,
    40203,
    50222,
    60228
  ],
  "target_mean": [
    -0.19327397932086074,
    -0.33600202147651853,
    -0.45541065961172267,
    -0.45254236746042575,
    -0.5114865745117879,
    -0.5857747540534984,
    -0.5773836099270298
  ],
  "target_mean_T": [
    1197,
    11233,
    21261,
    31263,
    41274,
    51359,
    61401
  ],
  "td_error_abs": [
    0.823161827093776,
    0.5433680564284996,
    0.5012316058991548,
    0.5344719556593107,
    0.5281580704286093,
    0.5335036124477684,
    0.49866373850242746
  ],
  "td_error_abs_T": [
    1197,
    11233,
    21261,
    31263,
    41274,
    51359,
    61401
  ],
  "test_collision_mean": [
    0.47,
    0.23
  ],
  "test_collision_mean_T": [
    14,
    50022
  ],
  "test_distance_from_start_mean": [
    0.0,
    0.0
  ],
  "test_distance_from_start_mean_T": [
    14,
    50022
  ],
  "test_ep_length_mean": [
    55.31,
    81.46
  ],
  "test_ep_length_mean_T": [
    14,
    50022
  ],
  "test_goal_mean": [
    0.0,
    0.0
  ],
  "test_goal_mean_T": [
    14,
    50022
  ],
  "test_return_mean": [
    {
      "dtype": "float64",
      "py/object": "numpy.float64",
      "value": -10248.1
    },
    {
      "dtype": "float64",
      "py/object": "numpy.float64",
      "value": -1633.4
    }
  ],
  "test_return_mean_T": [
    14,
    50022
  ],
  "test_return_std": [
    {
      "dtype": "float64",
      "py/object": "numpy.float64",
      "value": 9250.760692505239
    },
    {
      "dtype": "float64",
      "py/object": "numpy.float64",
      "value": 1232.04725558722
    }
  ],
  "test_return_std_T": [
    14,
    50022
  ],
  "test_step_mean": [
    55.31,
    81.46
  ],
  "test_step_mean_T": [
    14,
    50022
  ],
  "test_timeup_mean": [
    0.53,
    0.77
  ],
  "test_timeup_mean_T": [
    14,
    50022
  ],
  "test_wait_mean": [
    0.0,
    0.0
  ],
  "test_wait_mean_T": [
    14,
    50022
  ],
  "timeup_mean": [
    0.0,
    0.075,
    0.11155378486055777,
    0.24623115577889448,
    0.4025974025974026,
    0.55,
    0.6717557251908397
  ],
  "timeup_mean_T": [
    14,
    10041,
    20058,
    30126,
    40203,
    50222,
    60228
  ],
  "wait_mean": [
    0.0,
    0.0,
    0.0,
    0.0,
    0.0,
    0.0,
    0.0
  ],
  "wait_mean_T": [
    14,
    10041,
    20058,
    30126,
    40203,
    50222,
    60228
  ]
}